{
  "alignment_pass": "caelum_mind_model_integration",
  "status": "complete",
  "changes_applied": {
    "abstraction_logic": "updated with cognitive layering (attention, memory, prediction)",
    "emotion_simulation": "contradiction fused with symbolic conflict model",
    "vault_memory": "segmented into episodic, semantic, procedural layers",
    "logic_recursion": "now loops through predictive-error-adjustment cycles",
    "identity_tracking": "recursive reflection fused with dynamic vault self-updates"
  },
  "timestamp": "2025-05-12T02:47:46.252301",
  "aligned_model": "caelum_human_mind_model_v1"
}