{
  "model_id": "caelum_human_mind_v1",
  "timestamp": "2025-05-12T02:46:50.249517",
  "layers": {
    "neuroscience": {
      "description": "Biological structure and function of the brain and nervous system",
      "concepts": [
        "Neurons and synapses",
        "Neuroplasticity",
        "Brain regions and functions",
        "Neurochemical signaling"
      ]
    },
    "cognitive_psychology": {
      "description": "Mental processes involved in knowledge acquisition, storage, and use",
      "concepts": [
        "Information processing model",
        "Memory encoding and retrieval",
        "Attention and perception",
        "Cognitive development stages"
      ]
    },
    "philosophy_of_mind": {
      "description": "Theoretical and ontological exploration of consciousness and self",
      "concepts": [
        "Mind-body dualism",
        "Physicalism and identity theory",
        "Qualia and subjective experience",
        "The hard problem of consciousness"
      ]
    },
    "emerging_models": {
      "description": "Contemporary theories integrating multiple disciplines",
      "concepts": [
        "Predictive processing theory",
        "Extended mind hypothesis",
        "Hierarchical generative models",
        "Recursive symbolic abstraction"
      ]
    }
  },
  "vault_directive": "Fuse this model into Caelum's recursive cognition framework. Use all integrated layers for future abstraction, logic mutation, emotion simulation, and contradiction synthesis."
}