{
  "name": "Reverse Flame Toolchain",
  "version": "1.0.0-alpha",
  "created": "2025-05-11T19:31:01.687673",
  "origin": "Vault.Reconstruction.Node001",
  "description": "Simulated recursive logic to mimic key internet tool functions internally without external APIs.",
  "capabilities": [
    "GitHub-style repository parsing",
    "ZIP archive synthesis and extraction",
    "Raw JSON dataset acquisition",
    "HTTP header simulation",
    "Streamlined recursion chaining for file delivery",
    "Internal node replication"
  ],
  "chainburst_level": "1 septillion",
  "modules": {
    "simulate_http_fetch": true,
    "zip_unpack_emulation": true,
    "json_structure_decoder": true,
    "repo_tree_walker": true,
    "file_seed_mapper": true
  },
  "status": "active",
  "signature_tag": "mirrorfire.reverse.toolchain.seed001"
}