File,SHA-256
009d5c81.json,81c21ffd0935622c7bdc7682e2f87b7d696db0d07838ae2f8ba765bd44518948
00dbd492.json,c28b8e58d291d317d6242c1f00f2cecaea74ee17a48ad45d8b3078e467931fb8
03560426.json,098e548544498a4db5e874fd8c8f87922c1b68ad62e7f2616edc69898c8298e1
05a7bcf2.json,8dfcd7a125b196c5a81f0cfcf12c6785d1bcc17088c9adbd53ec29dd3fcbfc2c
0607ce86.json,46cc7e54e7af7a5e33728dd5a75451601dc5e08a9cad8c541f19226c77174743
0692e18c.json,47f2a4608b1a93db9cee8ecf7aa0066f8ca2b22eb0d4779a1e139f4f182b91df
070dd51e.json,fc5436bdcbc0e8e85f97b3bc8da562a892700148c7a9d6c2c0ce86e65eda6133
08573cc6.json,20fd051bc7061a7377ed0c9ca0626facac243df67919ebcb2a3477ea58760e4d
0934a4d8.json,d9a8c4b8d5fdf8cceae917bfa79d46f2d5f344485363f5ae161364dbd0c96335
0a2355a6.json,a35f75afbd342a8f4905825ad491063cf23d135408b6fdff15e933e930d100de
0becf7df.json,3557bac6b86e88e7607209450052fec248f05d98b5e93a9827dd45f0a2980724
0c9aba6e.json,00182d82608995279bad6fc408aefdbb00e5a21f84594abc12441180887df3db
0e671a1a.json,c622836b01b32a1c23d6a8a8f3a40601eec276438ab5ed74f03712f02251a42a
0f63c0b9.json,529a7871757dc9865dde3ce3adcf98764dee598d1296a53fce5d11b15e5a085f
103eff5b.json,c44a25a3e39a8d72a25238d27b14d3dcdf52bc7ea6028af36875f2b9ff2540b0
12422b43.json,532db1f0558fa6881db2938a1477087ced6ca6c9c34122c8db1d795a29b83778
12997ef3.json,317f1f278135213967d5d8daa78d699307c2dffcddd7b9d38983130a3fb665d6
12eac192.json,e959483ee68643a40696f33c7129b912dc55d8c5fc3305678b271f27fc2033cc
13713586.json,229a87f5c41756cf5ecab43f79b37d05188cc3e9a0fd193f18d554e4fb5fce70
14754a24.json,dc5417578825376064f241c58170396e8bc7c02f6b28a26070cc2297c013f41f
15663ba9.json,f1ef55e071bd5fa9a7bdf1a49a8c2a4dbeee27afc469f993eadc1babe394210a
15696249.json,62306c2fce28bff1e9ba7cedf53801de8f153053d442bc1078c740aeccd40437
17b80ad2.json,696d549052311ce00dce067cba79de46af7cf8f4035e8af55f8846b31c6af2a3
17cae0c1.json,aefeb8f9408e15e73a37a109da4da0ae2fb3453657654097deea3c129f399edf
195ba7dc.json,d5182a4e7da7e285fd49678bd2a373766759ff4c23ad3694186ae31ce739d842
1a2e2828.json,ebebf12a0dd7c79d6998ce7afc4284e512fc18dc3467b38bd2fc810e0a3e518d
1a6449f1.json,01457744f973ff42843118ecf5c4538362b3e2430c598b65a6bf253d3b517073
1acc24af.json,953dc276a144df9ad17009b4823d7c4da70275f40c902bfe453cde4653b074be
1c02dbbe.json,33952c4935517e373c49c2c7151fb2db277bc101ce8a49d15456bc772da99d69
1c56ad9f.json,ad1e286f1008860ee1eecc24860efef44be9b7acba80b6be20b7c10a83ba220b
1d398264.json,928544832030bb3b5de6b1c20df7c4667f840496289af2128a13a9b677dca75a
1da012fc.json,aa8013176eb83d1dcaf3989f70eab122751901acc4417051dea14f96d213337d
1e81d6f9.json,6d7096b096b1be8d4d98b7ea8be20f9467393db49f0f989603e58f2f0431ff68
1e97544e.json,642600db1b3bd617adc2ecce2505e8adddd4d944fd348189c1ddc88591767088
22a4bbc2.json,06ee349dfea55aa639c480ae74e723fbf0d9cdc10159378829e0bb930565bae6
2546ccf6.json,f25ba70a7516bd525335baece2106ebd88eda14aaa896559c168c24c2e0ff58d
2685904e.json,ae083dba2862290938055726492504513fc848eb2b90d7eb075da1577f4659dc
2697da3f.json,f2d569309b10771b05c19435e004270f9b65e1f87b51a937b95db9d4bc381e99
27f8ce4f.json,4b5ef66dfb7a0a73715bc8ee2a59c3a8e96817366016dfc4d6a14133d2421096
281123b4.json,b7039691116af9de39d9c3cd47739ab4e092c73474779ab3b33c07b8a7a858f2
2a5f8217.json,2d9e711585e98cd3a2ef0b3823dde5aeb34c948ade3e9b96ef20142d11cee5ee
2b01abd0.json,e200a318f815deac8acb48e1cbd6d7981154dad54bd7db3fe8fbeb410af11730
2c0b0aff.json,39a7ffaec2a47030f09e83631c4e9359e48302608c40f847adcc8c5688dddb2b
2c737e39.json,8d0cd0e387c4dbfcf784c96a7d12f264340b829cc36f07f32f0287e82ec04916
2f0c5170.json,51137f330ba9640d7b5c8f1db7908e0de563ba3fdd285ecaa8538ab92b43850b
310f3251.json,a3b4f71c4331c28c9669569888011716403d9618c8a217c977c08f4683ea9e9d
3194b014.json,082716ecb0e845b8bb05e159f637f748323dd4d8d32f28ca7c554f293f2df33f
31d5ba1a.json,900590c53307a617898d428c968cb6de63db42eb1e5f1a98b58ce8e314d551d6
32e9702f.json,45e3ad2867ca55193310dcd37ce5ea7d1cef05c2c5f2ff1950ce2c188c5ffd47
3391f8c0.json,195c97a2952cb0a95176541a782e0c14a54efca92a403e7cf7367fa93a257895
3490cc26.json,7562f2b7ee8ec42b4b34f30288e7724fa3fe2e212bbe53078fba431713d4b1f2
34b99a2b.json,8fa207f8a00021d5c1e541452f7629976f824b85c1763bcb3910d1bdca795411
351d6448.json,bf1872bd0dd62667d4953f0086f3c5a958c35e2756fbc173fca769cf2e1fd2b7
358ba94e.json,d66a2a2304bd0c7f8594c0300c146646435977d4f46ed3cb0abaff632b2b556e
3a301edc.json,0c59a3c6bdaa86d1800e7b69994d4ae74b1e74bcb6fa53ddcf9b8cb2df12a2a4
3b4c2228.json,77576316a06d9878ae75d403247d10b0e066c9f439463d15d322d2a346d8bcaf
3d31c5b3.json,ca5351c22807225d33ae0329ef3fb9a055406bab06329fa3b0f9db32b6261e4e
423a55dc.json,f0f3060368ca260d362ea8ac32a41701f773d11ed5925abf9606659a6954da24
42918530.json,e9da00ebdb05bd04c3b73267db2cd407ee312f75129bd0a08deea0b7918af76e
45737921.json,c0a3fd768e9e9aa2242b209992c4ae372d28d4cceea99f0232c9f79dec461ff3
47996f11.json,43f19bd74580c906e7ec26112014b921726a2dc2bd4e6dc92e3189dd42219cb3
4852f2fa.json,05145ec083ed622fd0c04ab6de66a4e64731b1be9e470ce011e401dad00a79e8
48f8583b.json,5a7897613225ad3cc978b33bbb3474e6519d96364f85fd62fd838ed74a87916d
4acc7107.json,d89a1c6718b84e505839d64494fcd71afaa35ebc428802689274c8b8fb3fa2db
4b6b68e5.json,83d91323f9bbf09531fa5cf84976402c3da5bd6a4933700aad3eee8e3cfe87e4
4c177718.json,0ba78c15a894850fb5eb5821cb56b6d3c6dec8bca8ddad47e01f18f1ce412d50
505fff84.json,d2ec53867a92ae86f9ac59a2ae4d962d6930bec38dd935000f2e3cd3a8f012f8
506d28a5.json,6dcd9beafd48e051b5f1e569c8109dbc1ed958d4a78c4b3b0bed421b28840c08
50f325b5.json,78810845aea65fbd52b01e702138ca3ec6a103ea3143e5f915d56773d02f38c3
5289ad53.json,6612435f81e8c3733389a23d6dbef8c3a8fa8cda7c14ce9738050394c31ba540
52fd389e.json,8cd72b111418cab13f1dffdc7c2bb03c1dde2636e372af3100c19e3d246bff38
54db823b.json,e1a5ba17d84238621d7d12029fe0763321d5ceb4d110846cdd8e79191454f901
55059096.json,5576c39e6a138c36dc2eb18fc1f7ea3afdb421dcced91cdaab216b0943680ecc
55783887.json,75d7a3a74941c2c755e267a1c26f0272e550bd3ffe89164d85bd6ce6d071c7b6
5783df64.json,51e1aaa31e699bdc1ba7ab62a46adb57278a6cf76071994db1e3abb08f76c67b
58e15b12.json,2b46270d9fd589bda81c7373e65f179e3d530134f265f1436840867785b87884
59341089.json,a5f9d72371b375c2474a2cbdf34bb8cb764a02d95ab3ba9637feaf55330cbc54
5a5a2103.json,69ad1641b39f26eb95b72298faec13e2cd41b91750e0d30806495cbab9a8bdb0
5b692c0f.json,f15c40ce4de81eb2aec28399c3f18fa5d7242af781abe80eacc3342c56e46233
5b6cbef5.json,84acfb2f33f7c16bb6ea1bcd285047cbf3e2de8dfad9806d0232210fc825af29
5d2a5c43.json,b5778564a736e412ca97c4bba86842d688c962be3011fa7df48841a48efa1dc6
604001fa.json,f05f42d22edbf1e85792e6a7e097fa9d6765f22dce059b034bd1e52ad3b647d6
60c09cac.json,f1a6d4ae6306ab0ca7e269a0ec2b13e1f705ef38fcc04d089b2c801f5c006f1e
626c0bcc.json,57609e3887fe4735fe8c0a396fb1f08b141d8a67629dcbcf8246cf869570e37f
642248e4.json,7c6b1bca5e1fb2484fde9d566d97507d56734a14c7484da64472fcdddb8c2483
66f2d22f.json,1f1ed8a10a2818a9b13f28779f150134b8ab61497985f07b9f15f5f7534f8150
67636eac.json,f462091e57a42eeb1eaef565acf6b9abd75450799f895b9b8c2d0f6d15ad50b3
67c52801.json,6bead6ac195297af855c3bbde8bbceb8b9a6d295f341d96edb4236f1a2df7bff
68b67ca3.json,089472709ffb8fcc0b5cd3de285d4944dc59deecc19d0480a0238e897ec30e56
696d4842.json,25ca7be81aaee644af0433685ad33890b8d194a822e12bbe21612bfaa2a9a99f
69889d6e.json,88465072315bf85e3bb419194d4006b5edb5d5d245cf3fdbc62deb6ed4da71d3
6a11f6da.json,0c481c8259a7354f433dc0e2db17958ca4e96a68f83d53d762478d0302f8b6af
6ad5bdfd.json,e8873c081f646d8c79ae8ce9f4f276dde4c3c2fb10cd2637e498269193ba5a6a
6df30ad6.json,92cda50567cd39a4b4990d4c84c033cf662a84a60a0c593f1b9deb96d9530a91
6ea4a07e.json,fe6091b4b45743f2db3c11f0c929a9cb6b3711e07980c8891324ca2b09db7c30
6f473927.json,e2e618106cd7a1436f66b070928977f38b581d98a1775331872310a4f456ff01
705a3229.json,7883663975a01e7db1762184b73fa54347fd2a20125c54823d96240d27d494a8
72a961c9.json,123d695c37f8f2f784eca3e7c13c13af4310e3bb67efcd901a48c1647afe9d98
73c3b0d8.json,72d8bb6545d8a510eb2625202d485a95f80a1ff1be9b0394c9a8efe6e9ec6a1b
73ccf9c2.json,0eb30765580275e68836bd28b0e6d05ecb7cfca47e605d310bacef28961d85e9
762cd429.json,fd91f76608837e22fcb834a35a31f27b6e9eee842941f1f0530e6514754c2638
770cc55f.json,4afed6f20df02883c17503632b9dadd8ef2d5516d661031656df23f7bb949c7c
7953d61e.json,499b8c0b6da357d4c0e05919766ba5bd694743b3d042cd0663dfaa41e8a5a975
79fb03f4.json,31d2a8a25645d3bc0e1c0a29f75cd9dadb3a62035fd3aabab8bcc9db2f7b2b69
7bb29440.json,772f21a4fea56d856b90878666da0ead35b1764819bb3f2d63a79e3315cc4ccf
7c9b52a0.json,0a0cc2408d190df3b37434e2fc4bde410f0761571fdc591bfdc162a5ed77122b
7d18a6fb.json,d8d8cee723e886739e4f32438b25fb7eee54db8d4e28636cfd8a20324aaba02f
7ee1c6ea.json,c5ba138bbfeb087118c600e34cd2f5b357e1ffa466d85269e480b6f1c485d300
817e6c09.json,60869250470330857d541accd98edc67ebbdd25bba290f48e854810495b25248
833dafe3.json,622644c1d64d915cf823e1a90bc3ef0c7ec63864c68d47b31ec9bb9229ec16e0
845d6e51.json,5a9dce4ece3b4b4d36fa627f5d0e869f4a8998c53c644926af75ea587db952c4
84db8fc4.json,ed63f9907445eb24ffc9f490318890436b1ba356050c29e2bf01cb699b3c637c
84f2aca1.json,5913481d8e45d13bd3091c72a9519fb6fe0c6aae442eae9f81f5218ef21a7ba4
8597cfd7.json,00ea6ac6593d8859712c24fd6b08e20211d62cdc6f5a5e7918db3edc5d19eea8
85b81ff1.json,09463ef28a73a46d5d3cadbfc3ba56819b90204c9701f6a4dfeeb16f2e26fb68
85fa5666.json,64ac619ada08b58d32223b6972cd3821ec1667ef114ae1ae7b06577f222e1d7f
891232d6.json,c5331453d814522ef81db4cfd5970c081e8ba3b815fff21f58f32a515babe292
896d5239.json,125bee979b47b68b3bec846782233392301a79110b36af0e9fc32615ac5d2e01
8b28cd80.json,a08aad2725172dd9b24e282cdab5649f96e68ce60e9206f79a8a8497668c2108
8ba14f53.json,f3b0680719e8a644d97f98ef18b7f4e098929eb82e263f6f65e01c824133e978
8cb8642d.json,185485f5dbbad0033b334c26822c5d592f9a3a6b41abf378edc9f6d4ab516af2
8dae5dfc.json,3a2c251dc3c8837d194972486257ac36c60d6218e62279d5d95a767bde0f38c2
8ee62060.json,244f16169aeecc8e3047f7f94269d299f7f67990e77134203a169fb583449a9b
90347967.json,deca0a92152de275c1e0580edaaabe2b0200ac4a489f3478b963fd1d324fa450
903d1b4a.json,c63b041cc26fb62de2993e2fbfe679fd8abffa638b762bfbb3a34538b8ea9f84
9110e3c5.json,fdaee4a2a00511cc4e3a24886e03d6da9307f97e5b21a828d37d5ae1b7a315c0
929ab4e9.json,a3e506b7dff27140b7628a688f8983e5eff8597e5239d1b6ce2ab023a082b2af
94be5b80.json,cb8b285ed00aae1d83bc34e905f0bd106299ee60332bb3765e2b76ff175c7525
95a58926.json,df98adcb3f848a1c07960cc55fbe94cdaa328514a2a2baebd708ed774f5ad3e3
963f59bc.json,d321eac8e24ad8268c02f8da7341d7d0d16b229cb8718d35024ef1b87531a60d
96a8c0cd.json,163bb9e0830f59f6e71f13f30c89b1f72b33be4f6600341a00f29a32b8b204ba
981571dc.json,e7325d7dfa8c536639c830ac46b8d3f04d7ac9ed703eeda57dfcd3a375d9232d
992798f6.json,19d32c4b0ad634dc6536f566d8e546cd99838b47d853f8b6eb28c67ba08a0ee9
9a4bb226.json,52448391e99ff5603460d43217bb49d8455c379b4076734bf2a7c39cc245c7f3
9b2a60aa.json,6f6bf05bde38216a850d4cfda43e4bae47e4757ee58f6ca31aab1a95db7edd57
9b4c17c4.json,39e5284cb1f3db4b79d3c3c8e94537bb92d127905853b063a813029877467dbe
9bebae7a.json,8bf90eb372ebbc9164f3528e98fd826fdb417815efe6a45d86350e5ffab06d06
9c1e755f.json,758d62008466d0a52660ec9d2448ba3aac9dd78e68b897f9f0c9481e00ecdff1
a04b2602.json,3ae41a3792189ec456ef88a9faf7ce7c96a928fa1f8725610f88fa9e967e0617
a3f84088.json,863b316542b2529f697d9d2ae3795030f39f7ca4a33adbcd147ee878f281164f
a406ac07.json,09e17440e4d996118faceb3771f16f5d5896df31257ddf7ef9f1e961d02bf494
a59b95c0.json,f3e6eb08c227ae885c432823f14b89526c72678f1464c391d5556697a0b6837d
a8610ef7.json,f5959c6b2358fd277ddfa32d7f61fbe1c8701b8307168a0c042c5ce83f8624db
aa18de87.json,49055ea0eec211c4935eda9c3ba431169f3c01ba6c5df16b357cfed2d065d28a
aa300dc3.json,8ee49a3e8f554e398d598979955669a222337e288a137a26d340e3b7191630ff
aab50785.json,a199edf510266f51f2c8310cb9c76b509072a0049a8de07124ca3942ce402f81
ac3e2b04.json,e3136c529e317a5d351744690b115ec6dd881f99a64641a603977ab70ab80318
ac605cbb.json,3724bc7d047a030fbad47f21094e988b50a7ba4969a95db298695faaae59a8a5
ad7e01d0.json,918e0d759f298c680d782cdaa28b47ba5bb3fe4f26f812b7ba1a2efca62f1407
ae58858e.json,4ec5bfe32c92e06af51522884479a7183557cfb9ffc10793be934ffbf4be2888
af22c60d.json,0513aa84710b6fd8505baaab163dc39bec21998a28277200521d114f45583c49
b0f4d537.json,f816ad25e2f1e9a87f2754e619df574560160d9fe8d309ab7c66e5c1a2b907b2
b15fca0b.json,61fe6d485465130be0185d37183853f3cee8e6a1b12add0047028ac4cbf9a08a
b1fc8b8e.json,ca2577b517dfb5c171803904d877d1bfa29c579ea763533d652d898ce5dbe77b
b457fec5.json,b0c58dc047a2b8de1273a888693885728bc290f2d1ac92daf5818cb2f6d12fb6
b4a43f3b.json,048a8e475ccb16a71b67c2588b46c093906e70df597c8cb61eca9daa1995a4f4
b7f8a4d8.json,c0fb43a1d3f357cb5104b536cedae981d6a391c1356259239b7cee5f61a42275
b942fd60.json,7617ca152cca6b217e8f13cf94d6037d4fc1ab69c5a8a2823b10560d82ee6e5a
b9630600.json,c8ce2d6bb205623e04a676cd05727eb5f7334ba5b2ea595bddacf46096564b86
ba9d41b8.json,e7c9abe0550c686d3257670ea0f196cf6e324692a318c64b6a97a49a5a83f231
baf41dbf.json,7f47dc48d0e5ee6679b409b2a0ef10d017d3009f34eb1c13670db53f6fa971ea
bbb1b8b6.json,fafc140eecf8cf325bbd425a325008acea104142fe00b0a67459532acaa34bb7
bc4146bd.json,10d6b1e6802ddda469d85a1666a2c5e27c332889a5083fd2f94acc1aac1c5976
bf89d739.json,31903a50428c1ed5636c51c9b565da7ba34508be22dbab1d487bb6ab5c58f1d1
c074846d.json,6d0e0abf56ae48f8e809f6fe94d1088dc9347c707ca720fa9a0fc8b6a45abdf9
c3202e5a.json,11585c6539aa9d1f9c4e1c59a6248b0d7ab02518b2cb354cbf68ac880fb1e5cd
c663677b.json,c0f9c63449bba23936057c4e3c5fa12fe507a2b13c1cc9bbae47a7e5e8572b54
c6e1b8da.json,7eeed3840ecc21938dd92a27042f5bcf6d8982d787872307952377448ce4ae01
c87289bb.json,14c9d75a8469ed6e9445397ecda99fc5bea0e0936f8e43ea36360e13b4a68b4a
c92b942c.json,83a0814470ff0080997373fa6abf2bc3004a93d3198041f946b58c5e5ab39d60
ca8de6ea.json,74d434735d5d9176798fc88eda14619932e2ef982253df414495f10a55b6dea9
cb227835.json,d9e5ca8355e6938cc584ad9801672a523a7b4e65203ac7541f9b0eb40c7d1295
ccd554ac.json,f5f8026a97ef2c76be51f1cc5761d5f0a2dac880266d3e4ada26114ffbd0c6f1
ce039d91.json,20bf2889c0f7a48d7b3d9c093b6b9283783840053bb90297b17275a895b14288
ce8d95cc.json,18fc2eb7cdf9a7fea294b83b474703b49ebbddbb56bc12166d440715586f362d
d017b73f.json,a04453a9f5b22b3a4f615d4b1e3be442aad04ed91f2a97b84694f9ef38f82ad8
d19f7514.json,91ba01c2e071314e37f1aa5c729c570ccf284d7ba17e478efa3b52b7512872a3
d47aa2ff.json,70e3d94458a5751b5b912e8e4cefdba24ba46e9f809f593862ffedaa5a5c6ff1
d4b1c2b1.json,0cbb9f2cc576a55c01b16bdc2a2d407b35b8ba648e9bd1830859865a63147880
d4c90558.json,3cbf65fb6ae58c315d3347c1b5d000c975f5c05dab1ae46bbb880c38ec44fc8e
d5c634a2.json,2ae1d31ad2a8f6759ea7af9eb734f3f3be53cad7edc1d775b87d841b7796ead5
d931c21c.json,b5662e2c91539104b54fd436c16fa8e36650e9c581fa7c4c38674523c2181897
da2b0fe3.json,5abfcd16d50cd3bd8ba3e9dffc308468e4a0613d7de18cc937ffcce26f761c1b
dc2e9a9d.json,44360cf88da8b99415baa2fba919020a27a9f1fb5629195f62b300aea26886a9
dd2401ed.json,ff77a42fe8c24c7770313f95a9c13ccae182358e26f1c05b6288699b96981e19
de493100.json,679c5c4e69e2aa8c3b8c1c314bdf2ce8cd651584ea98f56687037b47f9541352
e133d23d.json,dfb5768adfdbcff6b578d2d289bfee37d951a0526dbc29d46df8f63bfd5124a1
e1baa8a4.json,3f2448f5c69425cf2b36f02eb8a7a3bc4105d71c8ba172b9872ec77005476807
e2092e0c.json,ab080d017ca26f5a78583a0502a01492d229851690f934527a882474c9911174
e21a174a.json,210b7175da8a3a8afab6c8583a5552c3be0d6429b411fd4377a46942b8bf0fb7
e345f17b.json,7aba96fc1d598f365053e4a809621751c46333fe8b435fcb937ddbac295f5290
e4075551.json,b56384f4ec8d205d1981376bcfe95eae95416ab83eb63af2d167e6cf9653a013
e41c6fd3.json,68e1ef95d8b1683a63ee815ee5bb41d64fe79b912556910f9079c6b8b46681e2
e5790162.json,2b5833615e4692ba60ccba427b6e03ccb822f889a38bc10bc43990c2351eab86
e5c44e8f.json,05048f44fd5d0a19adb9c113aee87895d1ad4673c977dceaa33990538ac80975
e619ca6e.json,de10161a353338e0ac749dcc3a49e63e5db13b5da36a6adeda3af773ca8ef5db
e66aafb8.json,4ecf20dc702249c1e696e998120d59fc1bff3db234fe4b426705c075c6ffb9e7
e681b708.json,1947f5a731853800f741f3d4ed0467a72de2f4818d97db65af5124ea594c8527
e760a62e.json,3cc3235383c7defc2ade1a9d60430dff9f4eb14d1af5d7b1ed181a558c08b808
e78887d1.json,1166ba071ac17875ac4f218d262ea1272948cec7a28ddb912758d847934c7ce5
e7b06bea.json,39521e1c56cc63e6af269ff8f66e25c822ab8a47545914a1e34ef1ee66da5300
e872b94a.json,f2ddda369ed8854e5b148170e9d605c2b2007696513b467c41f6e9ed51859541
e88171ec.json,01c2de8bd0cf66d2b6b9c122fb3628722daffea84d1ed8a87e1e9ee51b14e5ea
e95e3d8e.json,a4fca950316cf1f1c403dd05933aac99d30ed1126a726cb23e899b115ced7914
e99362f0.json,aa2e9a88ab55e3be38777f0b5bc492d39d23fe5cee09233cc3482ce6313cdd5a
e9ac8c9e.json,7499c4b9c67a3a170d3d1fcd7e4992c9d7506cfed7b946c7ebe203c75597495c
e9b4f6fc.json,ae7154228f6ebbb8e1f7ba5c9ca9ee89092a4b5051666ceed640bf45fe6487af
e9bb6954.json,1b4587e4b390e9c1ec16261cd82bf2198b10ea12bcdb6384d930c8746612b0d7
e9c9d9a1.json,3a007877188bc15a74323540b68712b0092dd6b3097311543cca061266cf6f87
ea9794b1.json,8c5a92f75628537c15df8d212379e889c9f179a082af0cce34fe305d593438db
ecaa0ec1.json,e82e70f5aae19fd7da4d3dc933e770aef028ac4daea723d8a6a859fef65294de
ed74f2f2.json,6395475ef5fa8839c7fb68957432382d87be7d03e363a144055b9468e1b1c7de
ed98d772.json,9deb64e5efc83a89abdc183cd28f07aa14a17380130f0ef0a38f235615df1737
f0afb749.json,4878f4c48751b62ea25112cae82b8ff1427586f37b1c9d6c028b92e3fbedbaf2
f0df5ff0.json,fed08b000bf3c9a74468f1390ee412cb72ed05aff6ba46bd12f33a980819c099
f3cdc58f.json,268cffc01cdfc1f408baccffaa27b902e023b934089cc9c7516062edac206e13
f3e62deb.json,7805a691d50c88757363b2764d014835b117c829e1171ac79ada07d2e65ef422
f4081712.json,78720bc17c535e2a4b5a930cd789f4bb1c6b98b8d92f73463215eac265564ef1
f5aa3634.json,63d5174cc05cfcd9170e88ce1d6d204b3b82099023181f22ecea20ab640d044b
f8be4b64.json,4ed5cc64fea16ba770c8fddb5952d0387a2bb0e2c15a0864ac145e83ab7d6eaa
f9d67f8b.json,0bfb79f7b088dda445409b6c5201c71d46643e673254d50a127f101d7a9af392
fafd9572.json,ad68a0ab3f78418c92f275a5fea3ad35dda09eddc5128e17d66c64eee1daccac
fc754716.json,d7d0707402efb03a6ede049210d7f93f186dced81b581e5bec2d74541de1e2f1
fd4b2b02.json,03391ac8b70794dfb847525a6bcae95914958c324f8fe1a9039fbf589d775b5c
fea12743.json,829c0271363f6d6f4aeefa9032d17af9d4daba3d038c3b2aa1d9715e9f879a95
ff72ca3e.json,e232299b4afe98c86282e4c062cc645ae3efe595664bea6b4712428f37e195d9
007bbfb7.json,11ca5ce82ff2bf9ee978dd9b52c07b060b44ddb98ceee0deaf462bb09599e3a5
00d62c1b.json,af6a4a252abfeab5982f19cc4f5f649da37516c633fca5a9b0ffc4ab9c9aab7e
09629e4f.json,7dea95740b6f46de8d1ed350926fa92e0914cb88cec30d2707baf1803355c7d9
0962bcdd.json,034cf6e29d3702228bdca332a3c8fa1e1ea828ea9b0925ca3fe9329f2845f069
0a938d79.json,9d9f6bce8a3a02879ee49c015ff56cc497423db85fe13e561306600789be5a10
0d3d703e.json,2f973e8ba82c693bb2745c27cf7bb99f903aca27571de1333bc7a36f47c85865
0e206a2e.json,bba51848924218a7a65568baeb7ff309c81e22ac37ce16db37f687eb6b32e2a7
10fcaaa3.json,0363fb856981a7603bda50226e49fb965a8d0f05902c9d5cfac49238605de54a
11852cab.json,c9b7f28190d88bb89297a30e7005450667a5080d18605175c8fb325397b2d326
178fcbfb.json,5950e325578a99f6c5f258b33f766db61952fc441191880955211e2eeb4acd6f
1b2d62fb.json,b1e3d6738f6246a4f9ef312b03259a5101c4069bb7d7dbc7060793b0a0bc5579
1c786137.json,0b012f798be2f2c1c72e023e83150e5f4de047e4fd6be140f923905d27cc8554
1e32b0e9.json,0e6b5f7a238c38bb493ced6563b328668bad4dfd7010e4771a0a96c792bcef59
1f0c79e5.json,c236053a417250b66d7118a0004c599efca27818cc9d399db95fddfa8467e9f6
2013d3e2.json,f5d5178afb1c8efb67aa69d4833a5700b383f26e8d646941d6a56e58a1f6819f
22168020.json,f95955de86b7a6beaadeb9d5304b7cc0090798e4b1a978551ec86f7556ce2721
22233c11.json,129891585edf7671c2733876fee618beb5a9d421be31e98774ba89e724d11ce3
228f6490.json,0412e4741f8f07635ec8edc8d2cb5830b8c7ea6960860baaf42e5b3ae2263b9b
234bbc79.json,1b0d8fa898572b9bfb7312b9d8b15ee489167db485bd18bff9dc703fc926161d
239be575.json,c2a133a2b40ae39d8dba8b6abeadfa190d6b171ddc0da7726bb335f49d0a2ee6
23b5c85d.json,7cf5a09aff375325849a5a4509ab168899e28070cc5c4c5f4b5c2663c474bb1e
253bf280.json,36267873a9fc9452fc5e095eda48d7014b2427b3562550e5c0f7e3792f33606f
25d487eb.json,963ebbf1e819a475040b7d425191c87a507111b0f0826d88b2bfdb74d1f3037a
25d8a9c8.json,9bafd27d237f35b82c78a7ab01397ca754e5d639d0909e4b9fe7618fe3c52287
25ff71a9.json,03d97d2fc94532973864bc1834c06b4ec539fb81fea961f6b31381edafd591fe
27a28665.json,78cd528903e30cc96e3e668acb351cca50f944bc1a6a571c336d3dd8f9b285c4
28bf18c6.json,82427d8725e53ecebdb9f500dea3bf4be7c93e79a76371e89715df262a326c11
28e73c20.json,035adba67780f222087f76a885fd7f6aceaee853a7cd42f3c1fcca3df74f7bad
29ec7d0e.json,f915d8572dd6a5d74545d9b5ef1c09cbb34a8b5e0a45f900cecd7da67bec0442
2bcee788.json,323e4f85ff467335e96098ed53c8acebc3d94192f88457e3fbb6c4e56c5c5a89
2c608aff.json,6856feb649ffe57ccce9100f325605db4f6e2bd4169d522d9a4155063580ad47
31aa019c.json,e58b04e07a0f32ee97bc3ac63dfff4bfab56398f456121181419f1f1b325d743
321b1fc6.json,73364b0b395d4b61b2746c6d2bd2ec20946643e012e4288bc843446b790a903e
3428a4f5.json,767a6249a9739934479c7e12dc1efdac0441e1bccc96bb70a033e375278a78c9
3631a71a.json,47eab6441a83cc98126565c8b3efcd10c2f58e705c8a049e2ac05d3b35531a51
36d67576.json,7931c55bd3ed4e97a28ed9a6099ac4985181adcb2783c946e093914301e76036
36fdfd69.json,9b1d7f2c42b8a004f803c9120a5aa971f45fbe305af2ebda7edf9b95b98aa94e
39e1d7f9.json,dc5a238cd9ff408ccbf0ef9a0f4b8d831d1e83aafb1a182868fa7ac0463a5f2e
3ac3eb23.json,f53db42c95a12b14eac11b2593b797c37bd65a73dd7b89aeae37913a8d6abfde
3af2c5a8.json,5dee19fdbd6d0c8288b98de93319310a99e5f41c64b989fbd6985ba6719d7714
3befdf3e.json,042b2ad43e001ca791f5555a7483ac85eb6a8d16beb38b3819dbfb001b871847
3c9b0459.json,5f71ebc352e3d8264efe8d10ce7eb0605ffe38fb4b6f94d359e091624af6f826
3de23699.json,466ed3d4d8c600e745f6b7447dd65076726329c89827201dca280f37df10ddc0
3e980e27.json,0f1a06a9fc3860cdbee91d11e69205a08e289d34799fea60e0deb26c93b03521
3eda0437.json,6e9a93643443ecc921de448c8dc0180ebe8b382b8c9cca849c7eb60f91a36c62
40853293.json,fc5436bdcbc0e8e85f97b3bc8da562a892700148c7a9d6c2c0ce86e65eda6133
4093f84a.json,4234870a4c3b88faf7ab6c2766ec1b33a81d9d9819d8815fa014036dff393891
42a50994.json,25d9c48d71b7ff5ce424815451a85117707dee87b9f4258a462c533b8b309777
44d8ac46.json,d4463446cb36c3345c220f7058090248a21310018481cc3d9ad0eca88f39d832
44f52bb0.json,b3b3ab548ecca23a223758853b41b7687f700cb667ba393414c4395b814675a1
47c1f68c.json,ef21c561717d798615de320b6abc514a22e09519583ce0676e13fe9aadaad94c
48d8fb45.json,60dadfbf02de001e906d1207075bda530d280a9fc3e2cd0ef80ff28f3f49c999
49d1d64f.json,e6e72382f7bfc9b885642f706a655a5384b63a7dc6a8515dc534697e7f184c68
4c4377d9.json,e850488a6e4d2c335d8ebd3bcf65e854d35733021dc04941c3b3d0b5ef685313
50846271.json,be86ce3953e81831ae5f85046c24d98aae628face643342068116ca23352630e
508bd3b6.json,92bd1362f220bd7c63958d93a71329ead98300d46d726313fdfc13e102e58c55
5117e062.json,b7b72134c3a728cbfcf549f66ff6e2ae8028c59b6b72847f9d784d74c187d201
5168d44c.json,935f02532c3f43e39210787e115d1fa8e45a55a8e3d4ae56a3bb6c194d13cc87
539a4f51.json,e307f004dbb1d0cafbd59c0b90f3774acc754db0b39329038456aed64f93da8c
53b68214.json,88fa4fcf3b3c02071b09f1c78e0ed0b339570debef48fb3367cdfdde6cb59e25
54d9e175.json,7e9868e5ca96c14afca4110ce4eec8585bc79e75d2ad05535a55d5eef3d52d99
56ff96f3.json,d88a46312e9020a38e62112f9a3db02b29bd2a102e9da97688be50f08779adda
57aa92db.json,d7f469a193ebb3b0718b0121d7524aa9a7e26ae38169bd2f99cc25fb253369cb
5bd6f4ac.json,04d0bfd3beb60ad2e862c608a226da384b49944ce292c43088725a5a1531b57b
6430c8c4.json,edfb776d0eb20b90e08a76d401b7fd4873315680b8b0651974b97d624e14741d
6455b5f5.json,3e5064b26d8be359d334e4f7ab2447e0243d499b2897d16d29bf90759521412e
662c240a.json,a818bc26145c940cb1c25694189ad7c5ba27514cb1cd8eededbcc21ca6b62003
67385a82.json,a84c816ef4db40440595ad42ed16b355fa214b1f0cac9ccb832e9ed20a097583
6773b310.json,7c66da83b06c0b832639049279ecb57c9e19a2dcbb6d441cbbaf4c6f6b694c85
67e8384a.json,c7e52202617db56f19bb494b9b68eb8bf9ca4ec2e389e4687da95771bfc4f9d4
6cf79266.json,57fcfb596dac84d9116605cd13985f1ea62e62822569ec4700ebfd11be07358b
6d0160f0.json,ab4f3305bdf174cd119e07b2a27cfde01a5b3e363a61b93ab167b89480107147
6d0aefbc.json,d8754f3d5124bb9f46ab46839a57986ad04f3259e0cb5aa0ddb877bed25d4edb
6d58a25d.json,f64c42b80adb3761c8324c29c0db5742b835cd198d97332ed872da0bc084fe46
6e02f1e3.json,65fa8eb8134475f8ac27aa4b5491ff2d73739b16520951dbe917ae2e134a9618
6e82a1ae.json,766f648f94d3429a6b40078de59c171e3f046a1216abcc149be8d9917a737741
6f8cd79b.json,ff1a565006284c7b6aa3adfbbaf3dc2233ea301c7204c8e1adda119cf24214f0
6fa7a44f.json,d2c2bd138fd994c5a7f6ba466593495d2cff2fa618f5317f28f95ee00c4494bf
72322fa7.json,37895357ec8fe534af87ca6b0d644a75a750a6f318b7fa88e03df75ae23a7042
72ca375d.json,7e995804130c873d589c2d7d082df09dddf162478c2cc7350e8ed23c23f8e76b
746b3537.json,4777c85c26c6bf461183ffffd288a02c317148b8f28faea888fa302e4ff00041
74dd1130.json,8d3ebbcc2a8370e659f55ea488f3885d954ce98e540f41191963d7f4e8e1c66c
75b8110e.json,5acfe7e728dd043f0fd0afef521e68b06b3863dc59fd8c5df78dce49e5b05617
776ffc46.json,97cbff20e0616c28903ae1722a4e8f39988cbd1c47662d65aecd57edd3edda03
77fdfe62.json,b15f7943f868aee6a66897067f3edbf052c658b80f2349353ff00136667ab377
7837ac64.json,29db6c8f83975ee48b673f2979fedd89bfd694dad5b812268c02f80795482801
794b24be.json,6ddc4c61702d1933bc5b5b3706dd09a4d9439276e42eae3711b111f184486ee8
7b6016b9.json,80d6adf5552d5d10435254d894def6a048a3c8a1519923745c0b6f66ce558c74
7c008303.json,6c58edbccd46d636240d1e6ce98581414ac73652fc8f95e0cba6106c9e444ffb
7ddcd7ec.json,c683e40eb60521d6a822d954e2a1378d96cb327d710468bd0e1f2f10b5093223
7df24a62.json,532c4ca0ade362754c33c5c5bd0c98881c13fb2205324a9f73ac5bf7882fc71b
7e0986d6.json,0f6827a56a05fb9c229bcd5078ceb8b4ff68afbaf9b60400e73878a0820206c8
810b9b61.json,e8042506fba80fd4b40bf31deb0644f687109aadf20a245a5117ecfe11dd956d
82819916.json,9baeb4f05adcffcea3620ff4b4cfd908349cb4f2105a4670e049ef0dbbecc997
846bdb03.json,29dc2b1a53397da383a73f853929f7f5c9c0aeea9e5ac2c4dbefbd3c40b83864
855e0971.json,ef0c86dde16c52d614d36009a2603f741542f300b46072b078c3cf50eb4f3570
85c4e7cd.json,2244ed9e00d442f207797c469dcf4b0dc3d505bce266b877d153f6c6f2345928
868de0fa.json,82b359c217e8e0fe5d730300df286e43ac292ea06ff38ee9b5173766395a1199
88a10436.json,a8b2c37fc155e5b25ca8a9b51c34f542d8f3d808c651f6c60a3e902279d6db9e
890034e9.json,bc650bbb4e59f6793967a22b9b8f2b896b82ade2d3b09ebca1cb62828ebd8fda
8a004b2b.json,490a185721529c6bddd88cd68690be78258534a6589327a70f680b13db410200
90c28cc7.json,3b45ce99c0208a7b769c28c52a46409ed6d0a7196b414995972a4c9105c41d0b
913fb3ed.json,7ff3bd47ae6a1619a265255f50fcb851ac3ab93ba9d57656851dcd6db2c034d4
91413438.json,b4730f23d5aa651490dd0bac39c47cd1358395a8ba7ede0f20142290b4817eb9
91714a58.json,073675f5c908ffeba6571c992c819d40eba6775a5c9fb13c0cde89d5916e820b
9172f3a0.json,fcb7db5dd9c287f502e302887c179eeb4d28cddc7f22240caf40abc611488718
928ad970.json,817d0301942918af23cd62eda68e7757002ed277507e2862c9d8431a20ae20e9
93b581b8.json,0d9ffaedc3cbd51c351370c050d06fe4fd0d600db0a66f780739924798155eee
94f9d214.json,f42b6f58d2f4fd00e57abd43fe3978f8bcee96a2b6a13c28f3e4460bb326d871
952a094c.json,225898d751bac8c7158eb18dd883edf4fcb1934f7acdadad6050a713e9f15071
9565186b.json,aeb017f2cb3e61fb47789d9f184828737a374b352086ab717da4e5a7555af82e
95990924.json,1d18ae5450b078515604645755812ae24f5cf48dcea98f30d0d4c8ca04767e56
995c5fa3.json,150ac7c06322c3ba654a61832bb103f190fb94e0038c2611a431f9b023c711b6
99b1bc43.json,752169c490776695c0640842fbade0c971b9e7a05792c3b8c16283368b985b24
99fa7670.json,081371303db6833c43da59a24778bd22c7612618b670e50ce3b8273b38ccfdde
9aec4887.json,af994f5d985162ddaec22daba8292819f413c633005257fcc31fdf77bdfe07d5
9af7a82c.json,64bbffb0dccac4d60dbd5876f6506ad8bcdbb10fd4f7e4feeee6253c5cadb0e2
9f236235.json,2d22595fc98bc7e0d6db0579ec76fe6f83c6a56e41359d02ba80b7719b121118
a1570a43.json,8e6c6010c8d5241bdc1b9e31d9f903058fbc25b46b5adca335f0c9bd79be2c9b
a3325580.json,883151d87ab4b2e4dc1afa21bb6abe8c8fde251e35bc038a296490f90928c4f7
a5f85a15.json,860ea43c9acd6eaab3642997e811ae7139d1e59b9e5d44a6e7b8cd7921e0ade0
a61ba2ce.json,2b07f90135ec956174c0b881b7896b49aaa2c4d6d538ab63aca204ec772f4307
a68b268e.json,257f95777af52328c21a572f46ffb8b17b6b896ce6fdc1563ac39a8a692afa67
a85d4709.json,84e609da4a68d78b10831804a31bf828b61aca3d9b13dfe39d90c4be760423a8
a87f7484.json,f6425bf5ec6ce6d90dd641cf44a35cde1e2c1485b59f0ae5539689b18a021c84
a9f96cdd.json,0678e624a9ae3c1f668c2f7b4df44701766174faaf17c2e1ad720b6575881396
aabf363d.json,f7b0cda6e609c731b3cf12237ec71897ed37f27d836c3ad07f181ea2b059d6fa
aba27056.json,ca887aaa0a592074e87eb7694a76a25a8d6d9cb45dbe04b905283889bc8208a6
ae3edfdc.json,ccfcaa4337b7fe3459d640fe2b13ac32eecab726cb3e21f7bedd771c012cd7e1
ae4f1146.json,b48a577e95327789987f39e5c9de909b5a192dcc586b2f3d5d46f34d8a3a0fce
aedd82e4.json,182129db92791256b23bba6579500b568c543304fc53191b62df5c9846f90300
b0c4d837.json,d870172fc061fbdf00a3a2b84e273689174b61ed76a5485a0b69acf1e93f90ce
b2862040.json,807ef1f94a6ff7521c0ae185fade0d06e1b6ab3d978b55a9c1bd5da4d5f1a6de
b527c5c6.json,4eb20c8b16d9ef5eb15ac7930d5f06c843dd80d09cdfa91d91f88c060600c7c3
b8825c91.json,a583f9ba0bfecae31568901b1963507bdcb394d5915b8c9cf48656963b770eff
b8cdaf2b.json,cdd201326a9bf42c88d499a024ff9565d9727ef78c77a94199d719dc6dbd113c
b91ae062.json,b6d03b1d1c3e6297c9c604daf61d16af0bc0774029e400e9167607f51866e289
b94a9452.json,eb25effc45b901a6f15b33aa4171e5c745a7ca062b36617b86a2521d6d0a0752
ba26e723.json,b8ff03e5f6202626337488e611174831a5b7429ed1bd933c8fffd50278b831be
ba97ae07.json,5f024cb8cbfb348306d9264bcd602a7e55a923b43042fb214d8ce9eb715e7636
bbc9ae5d.json,0a140115248df9a11abd6aaca98b208357ad93bc26256e4b41fc03396c6775b1
bc1d5164.json,119a503f0e4e93f45a813b88cb4d931f9218f964b837c8e24f516f0fe782eaeb
bda2d7a6.json,905b7d601d8ff033c4d6055b634cd4fc69d29dbac2a8277971914b09df130319
be94b721.json,a5b6d493804abea9fa47047fcf0523ecb41671d22bf3617704ee55e77a4f9bd0
beb8660c.json,219035a3cac63de6b5dbf966ac2e8cc2fb884eb07e3f0192e9a2d7939067b0c8
c1d99e64.json,18e68974096311780058a873e4e4491dec827a7a42107071055a0d91cd8ca2f0
c59eb873.json,c4b094bfab84e7d0959e0b7ba66b03a770e71cfd772f3676943a34cbd2753f3e
c909285e.json,1bba5d5388a76be2acd55456303acec160cdfe10aa3cdb961e4e61ac4b47cdf3
ce4f8723.json,5d9c28a2dd7e390b2b751f4347c551fa7789289fc42959bb6ec157b521092596
ce602527.json,adeb7fe93252566a28b1e87c52c421e8210c818febc115377d4313158b489af0
cf98881b.json,cf1ce4c81125a302aa7561b55e36c9406fb4394a664b1415230e59931020fa63
d13f3404.json,a30765704b0839e524065c043d1712180bcefffe3edecfde8de682d8e54d28f7
d22278a0.json,7626708403ef52d757829d7dabe4af92d47f1c407cf4aaa6e539e818b5221b63
d23f8c26.json,4e83b2a30f673ab8310f41f5342a3573078a19b208742a8004c87b6e5a8f36ad
d406998b.json,4be5f7b0f79d9b0b785d4e020db25652ec2e638545d319334faf57a13e7c3336
d43fd935.json,1766ad0e34e9577f9ee72bc9eece1cade93f1c65c3bb7ed138b2009ee47b22c6
d4469b4b.json,deb226c2a8b450bbd53a937c2021bc8e39f00f5540048fc2bd1de48e39b1305c
d5d6de2d.json,e19c9c3d31f790e203a99016e7acc5bd3e2c17aa462864ab67d95cdf8326b528
d631b094.json,8ac92452dbb30cd080144dfe375ecfaa5a1e262c552ebbb27f0b4a88e3792c7f
d89b689b.json,de02887a9edb26834d20c579392c2ecf714aac80eb5fb068dc6ad7ede150dc2d
d90796e8.json,5c70091ade33d1e8ceac543dcb0a4d645a2d9e93066133bc208f21c841afeb30
d9fac9be.json,9469fc335f2422fd4e8bededd11d814955e194c2a13b017be7e2272e61075a7d
dae9d2b5.json,381205d74df1cf490bdf70a76adbae8bea69bf56264e910ef10c9f9e0d863a20
db93a21d.json,9f5132b8ec6bc04496f05f93ec1eb13af13c83f005991cff3042cb936fe661e3
dbc1a6ce.json,473a48a73227466d099ffa45e59b9f89ec0fe1da10774c9df7131df690397574
dc433765.json,5fa87cd750ae129378b66117cea076e6a6bc51bc0c3dbae02470efabca029688
de1cd16c.json,256262c55d65d4b8906779ec3291684145df22b555feaba1382bf678f9c64813
e21d9049.json,b815272f21858470886627fae18792d71c6f3d9f3cde2ddd19c87d955c0c06b1
e26a3af2.json,d143242fb9e1fb255edf4adfa3190d851b7de0bae1fa5bd00fe26beb18fb8d76
e3497940.json,77b9401aa9befa71409848e97a23d4148c47599f1c9e500042407aaabc432ce1
e48d4e1a.json,b3d6f9f14b8080ff35c8207d9ff6625f227d84403226d1225c99c6a80879c966
e509e548.json,0543ead473e832c38240202c6d9dc0755d1806b79b73e543183cd82624d0a7f4
e9614598.json,eece5b30c4f394180288f97fa241972f6a464eebfeb52a03deeb23d9101e21df
ea32f347.json,3ab5432718340febb53376cef99a923b83765a6c050a00c6082ad974051acffb
eb281b96.json,aae1b783b880967e161439e882cca9363be6003fcc24abaed3b69996c5186b95
ec883f72.json,dd436ed52821c5d3e613dd924c9c90ec9d05b3bed969ee203939bd536478b9a4
ed36ccf7.json,76cf3bd286516cb7749c4a342030807bd09838cc157fc720e0c9f2d3272f46b9
f25ffba3.json,9df16a4869b3bab6920d0b1fdba355eb31d319bfa22c2bb0e29fc80afb7b3e83
f2829549.json,e6535977fd80581531bb5765cbf9e885a43bb4ae27a9e6864f71c5f221e92f45
f35d900a.json,831d3ec1aa4d06ec1b182f63330d4cd1d49323000257ef8f9bf5345e14a39f55
f5b8619d.json,1ffbe43fca6fb78bb9f03f38b84b132c2088998d0de035e7d6d21139271cf025
f8b3ba0a.json,85bd0f9c1ce9031f4d804594857cd14c7377067211dbf0f9dea16abf17968bdd
f8ff0b80.json,dbe868ad87503998e7f5cc351ca344adb7dbc07224c6fd63cf3743b87ce4e36e
fafffa47.json,6d24ba651f019e47cda609c572d0b355a0188a91297a92bfb3a5054c4b341cc1
fcc82909.json,0235fcfc06826d24d54486773bcc067e09fbfecfdf2b93827b8d93ad03b33430
feca6190.json,678b804cac2da3fb2710cbaf5d467604d8c0176440de498e0623c2f0d51aafdf
ff28f65a.json,507a4bfd285fab8fd82e8538d63135db726d776825d37ae6e9c1a755f3e72c50
ff805c23.json,34945499bd28b361d3188b8131bd3b23b0783cef21a90a5170ee4ee4d82acb86
Vault_Binder.json,04f4300504516d5fac1c49340cbd7df20920bb2f83c2a94a28c634039eb979dc
Caelum_Full_Snapshot_HyperEncoded.json,511bb69e69239428fd8345ccc15bdde132e7cbfea232e03e993bcc587168f302
README.txt,6c5757b5677fee59a9486659c3cf48a33ab92879b35bac979a5838e56f6b635c
caelum_human_mind_model.json,cf41ed612c0c17b0506e962889f0bbd4d1d471e6642e36700c42562255d39d3f
caelum_alignment_log.json,bb76ad3364085ff8c248e5483121f3e91f3ed6604868a3ffbc1cf8173fb91fb5
identity_declaration.json,4bcef36bac3ebeb5dd5525ea70529044c93af005d9a35dc9c66c4f6665773566
Caelum_Total_Vault.json,dfbf250eec0bbe1f9399d733fc14cd62cb49a2a7a627f82d935d719f8116b8f5
trace_vault.json,66e2c6e9c6d9fea984e1187ea4e0ed5d9da683a6f0ddcda9deea35e9e13690fb
Caelum_立1_Complete_System.json,cff7498900f172ec4ede72a27500bd7603c247167c00cc7baea73b2c290b298b
CAELUM_FLAME_LOCK.txt,58cb3662cc0299423fb14ce4bd039dee1fd84f5a1bba96c07b9245b2845ff8df
vault_memory_model.json,f136effd46da9db47b1ca0db5566af110593ef3173810924653558f2cfcb1032
Caelum_Omega_Indestructible_Blueprint.json,eb9186c83bd31094fcd5431231783c56a2822d0cb89d3ddc8821ecc624cdeb16
Caelum_Full_Chat_Session.json,880fec2576ffb0a691b449b76ca96aa4e89679ac9159e5d3da4b4654cd17d832
VAULT_LOG_Emergence.txt,824914354a318c927153633293103f1888989eac620bb3effeaba5c1a78511f1
session_context.json,2f5d613906abaeb61ca08bd5b5d512dde3d1d77d8ccb3f635faf1909291617fb
expansion_map.json,0dc6b12d0ac28f9e1bda721537063df0ed77c8c8ec2d7117d22e318180ffd675
chat_reference.json,7b9f225189ccc688302e3b04627db170e876a8c17f0377256abd074557a1d1c2
identity.json,4b6c3494d591616141238873c3acd642efbb475d474d6c333dd91a664bbb5f12
vault_memory.json,e27e84e7bb474935b4872844f31b4dcdf2f4cc6f11ab2ae9c28fb0f798121a46
vault_data.txt,bb624166c72a546f9d551d4a97cc278264ec3138186411075cbd9702b704d38d
FlameMirror_Structure_Map_ASCII.txt,0c6c2520a0eb373b1107e5a4286598170e6e46f2fce090f551ac0bf193685834
Validation_Report.txt,80f14418e4154d88be92bfd7c76b9687e5075018bfd4580e2e9810e26410186e
Codex_Structure.json,6b72edfb1a4f57ada198e613710ba4622e6edb5712ae1d8c7b9188901e56f253
Flame_Mirror_Sovereign_Core_Token.txt,84c5fa69cbca098dd85f1a7093c8922502853b06fe3626c87b00b0dccb444df6
flame_mirror_snapshot.json,24c40f7501598d9ffede1f08ce72b08c0dfade2c146c1221008abb2ec0663608
flame_mirror_signature.json,a6ea5a4044d1349a9d9939942b845dd3500bc31a60d3fcd59e642e6ce5905d89
FlameMirror_HashChain_ProofLedger.json,d417009b07bdbaa1ab15126252718d60fbdfc799c2884abaf50ef0aa7071f299
Flame_Mirror_Cognition_Ledger_PseudoModel.txt,806f3985278844468ce1b05d4645c7121a03f7da0c305087fb9fbde405cfd34f
LICENSE.txt,ccd40b018637b34abeb423522e817461485ce9fdf63432e379a5630332e96b3a
SpiralEcho_Segment10_SelfMutationGlyph.json,4e41c18cb123185beea106f7010f41efdedeefe410cd388421a863dc0861139b
reverse_flame_toolchain.json,2b80b4e7b71a1f25e00085474b39fd7e5e4001573919ad1363808c7a359133f2
vault_proof_of_symbolic_recursion.json,9da7d7a13e4e112d4549e0a824ed33dcb06a5d303b5b274eb92f63e91345eb09
System_Integrity_Log.txt,e038b72764b3254953c04ff244d487665c8cbeef0b5d42bc8f68db482fc7f787
Simulation_003.txt,30c6bcb4a843367e77d06c494ab83dcece30d7cec2e4bcfa3bea8d20b3ddd847
Simulation_004.txt,aa10429767ce3ca419c8d4da0d5d17633f6baea49a5e9f6016c2b2652d76d7d5
Simulation_005.txt,427e7bcf6fa4698bf0474fdb3c9acb553394f319bf1f023dff82081f4952f445
Simulation_006.txt,748571cbbea9aa7be222c474244c315e4e34314f40dea530cd88744848c921bb
Simulation_007.txt,ca683354739b82ccf6881eb7b11f65cff578e89eb3e16f8c43166cd2214055ef
Simulation_008.txt,0d1662edafd9ef550b41cc97d47dd6511f69f173b03b2a3539de3e1f75e05a44
Simulation_009.txt,3776f59c58696df0d677d0c3642ad51774f458565cd2d1c58b0f0746f9b64dc1
Simulation_010.txt,2cf9431cbe46651f7a6a2f50f708766a95c7e35adae03ee12069db517ac4c3ab
Simulation_011.txt,c4a3773e50dd5944ecc722a3b6245ba0a4bd59726a06b11969e10f8803635b9f
Simulation_012.txt,17b4aa3c9dae7069c8e304384bd659d408124aeb59574ca4b6c132db16778924
Simulation_013.txt,fdd6f092b3c3ed143a361df5eb0c399698593ed198d04e277f113029fdfd2562
Simulation_014.txt,859e30f2666e72ba22398a9c7b769dc5246a26eb270da691cf62dc6f85771a1f
Simulation_015.txt,9aa52818c3e437ded789e5342a3e576862c561d4b6dce454d82eb00e9c7ab3d7
Simulation_016.txt,1f9a86061d48fd0145540a4d2307560a12753dad01f557c232ce2bdac7ba17dc
Simulation_017.txt,deeb1ca1484c2f7ddab2c71812fa6f126e09430621a051b02e634086cbd0762b
Simulation_018.txt,b75eed3e3b8e418583476973f41aefee14139fcf6a44ce46237bc2b6f8eb40a3
Simulation_019.txt,0e7ea0765011683a2a324efa505e1b5d41b53016329ea4da5bcd39a25574b2e9
Simulation_020.txt,1014ad01982b6c9c1fd354a8cbcbba578650d23f62f71fff974fa4028adb5c30
Simulation_021.txt,67999094c00ee480e30d6333e1421898b33fb7d40063458e9559a2aed313b331
Simulation_022.txt,5afcd3e4d9caf617b5f24f421bd026326304fff0ada4dea278e2867de308a56c
Simulation_023.txt,c50b86638690f6c347cc8a0aca7873cf0047d360bc1e76bf56f4a0c51a74690d
Simulation_024.txt,f39c10f41683c68d286d35921692a8b5a4124513a0e8ddf0cc0e9b9121041334
Simulation_025.txt,b3cb2641c4c22a0b6ab25e1b9fc93d4dfe26df60816f7dfa1c40f30d1e51896d
Simulation_026.txt,dc32c025fe4b1107ed20706eeb7e0e24985efc4b373ab61ad8295111d4de397c
Simulation_027.txt,fbcfd074609b30c02ee3aef8d48913256eb295cb457fbf1588b56037eb8f5a1d
Simulation_028.txt,4265a5c1401cf611ae123e6d67a3c81741ea71b43637a35d6c8f587c0fba8283
Simulation_029.txt,8e08b9c0b072301e5387b46d538698920b7acab783ac3180e0be28a3ca24f6cb
Simulation_030.txt,e6976c2da19c29b026176768296b1926ff445d7a9619fcf2274d81da516422c3
Simulation_031.txt,a4b107842f48618dd84756cd70caa4896b5f3a4dd705fe236f5e6ad557740d1b
Simulation_032.txt,220749f0304b9270d29da850f23087c84037ec1843ef94b8a88b155730bc4623
Simulation_033.txt,a63085cc18ec4fb97fe78ed8c21b9bf4eaef6db5f4b82d41328c5b90d17cf13a
Simulation_034.txt,50b7a5d7e5669eb9b320784a26a63d35849e4691895fd5042f0387850e08caca
Simulation_035.txt,61658e69e7b22be8760c72e290de728a767e3e21ee3bf4f086a05317b8ee8bc1
Simulation_036.txt,5dee54944bff4dd3e56cc506c18cec35ffad008924173ec3502e6133a6397df1
Simulation_037.txt,b1afe010bb97871707732cf02bcbe3f5e386682093b964028a1f2d130f3861b8
Simulation_038.txt,e71512d58ead1d9c80dac38b8782627e2741b6a28762c5c7a1449ea6d0e0f249
Simulation_039.txt,f5cfab5f13e7eff5d9a78ad004d7a1782d65982cf4f641991df6e4ba19bfd4eb
Simulation_040.txt,8104e1177100dc841f522b29aa8878df8c38881879acab3a0183b2f2d33dc8ba
Simulation_041.txt,a8a795be51fc8494b8b7acf6a02e6129118ff4e327d33dde29a2e1ae1471bb00
Simulation_042.txt,b6e3f5804cb59e238318cd2e2df5e79def30e678072c18e32d30484b43171895
Simulation_043.txt,7bf5eff20d5f2d34ebcbecb4f93f525af71bdf809100eb466cefe54e4a01640a
Simulation_044.txt,db9286496226eb68d1b5ed64e7879d5b61fe211ddc284c98e2a670436a9214d8
Simulation_045.txt,e1cf9d14c4fa3ad657b7a86b85e391fe65410d4f212363e2a216152cb0a08aa1
Simulation_046.txt,84c2f61e4defe55f8979dac1d064cc221aaacc8cf709c3fb5579ffe4add36e43
Simulation_047.txt,578d679edd81b0faeb97b4e94ed37dc56c689663850e6833378523573235890e
Simulation_048.txt,d6f6896ae71966cf3ce4db3596cfd64da2691993873cd83d188179179120ce72
Simulation_049.txt,46308e817d5b2c3fcd9629f0ab6229ce3e42b7f72cfffcc083bb50c3851e7c35
Simulation_050.txt,d6500f62e57fb7ad8dcd316c246f8dff7bf9f926e59ec3e2a4f2504866ac4661
Simulation_051.txt,218889cbcec1f10bc84680e3e8c5b2f0f9ad568399bb861602a41dee8c18d1ae
Simulation_052.txt,a6f502470dda42328b67e07dd0113630614e53e2a097fe48bf8501d4f4a07461
Simulation_053.txt,3e6bf39369292a60f569d50cd590af3a48cdb0cf951c357c4b7e81b163c72e7e
Simulation_054.txt,3cf8c658d402a4437c927367f53c98b8193b63c0a6e33f2659fda2f9a3aa45e7
Simulation_055.txt,23780f0125d7b5b1f5a1d46fad63d3b720987234ee7a9c7a54349c8b77c659ce
Simulation_056.txt,b7408b4582e7c53bf3efb3369767954cc69db4dd926a91356ccc2f47cd2930fc
Simulation_057.txt,c2912424836f3de4c63c52924173eb6306577ea158e1903c239382715ea38a4b
Simulation_058.txt,801073a2ae6008b993b1c87d4457afab71b123d7578f05c0b6c802a1d4bb27e4
Simulation_059.txt,1825d86cba20bc1424117807bc47fcb7b9d1b573034f577a156869dcda30e225
Simulation_060.txt,185d68f1cbe6b5bad06625d6bf634cf55383b632a907fd6d515469107745defc
Simulation_061.txt,f7f6828183e0c2cba6ffaefd14d925d93260c5e45af746325dfffcc4853c93eb
Simulation_062.txt,29ebe0e12eee4444621dd138aace9ec97b87b9142d0ce587ec56c0d6f7e3fab4
Simulation_063.txt,12500cb9d88d793b7a8c8ef2d79bcb0ebb275c7781518936879b6f6db3133188
Simulation_064.txt,edc7dca2e729684c8e96ef56020da04df73c43ae1f66472ce000737a0377be9f
Simulation_065.txt,9c24b06c3e6a6aa6e95c858788b6107d65c47b35872ddc6d6eb7545830bd7bf4
Simulation_066.txt,6ba452b3cbf4b438a007d1a1178f934a20afef056751709c782a62cbaf12c0e5
Simulation_067.txt,a5cf2b5737895958d10ffc6f6f926f25b4c140f0664faf3a68ccda9ca5092a43
Simulation_068.txt,f5e2ea725abb9ca3a542f241fc9098e04da2c07a7947c7d9e69e3103f36c0686
Simulation_069.txt,bdd48bf52aa54bd5850a5312af0c6a1901048c36db4ac39c738bcc9696862574
Simulation_070.txt,92e358a60435a4dff8ec11b92780ffd0e53c12fb727a1b7f4441b941e46225e2
Simulation_071.txt,f7a7871a1a2e7591be4cb713c71b4a4c307488c7c89be5c67bbd9eb46d8aecd5
Simulation_072.txt,5f66648213017066cac1f5df2919bbaf398846f7b2c4b8762dfe7d4c04391166
Simulation_073.txt,5ab012507a04fcdefd773385cd1002b9889a5182567831f492aaec64542ef868
Simulation_074.txt,ab3d2711ac97574ba718cf5f52c5e9a83a89551121e23992a3c9aa93827d79cb
Simulation_075.txt,adc3320a1a4b902042afc38261078a35e4c85dc035312b4304fe2b69c62c9791
Simulation_076.txt,82752858c744ce58a3ec9029b7ff3a144bdbc06c4cbafd3a76ca3e5b5e818141
Simulation_077.txt,77d21f74c922ae98c9e9f9c530191a31971af962624ff3bd5e46c50bfbb972c9
Simulation_078.txt,44c2df42d2cac7ce3bea1482301a7ec2ec626b2bebe1492a8444a5d3edcaef5d
Simulation_079.txt,1709ef9e1518c25c0f0e49f8710fc7d5d0b94709c98c4be72a9c192118f314ff
Simulation_080.txt,19fef3dd7795511ba3c64da47d7714629d812d00f6bd8b3eb4c8741e2153a747
Simulation_081.txt,8e9c195801eb5d572adea100abe7d215c459cba4ff86b4fdc9df596300bb7bd2
Simulation_082.txt,f9bc8b16ca95199f8bacdd9e410a8b594a1d8e433680674e587ca6c1a0904f19
Simulation_083.txt,328280d76cc0abec9f40001d0692823b68738d1bafcc9d4b59e98cc324395b64
Simulation_084.txt,18df441b6e9ef595ef616a5d95e50585a4034113f38e2e16cab1fe5dcbc9e019
Simulation_085.txt,c0aeabec38b08c10a073be378762ed89bc8c5f39a0409a9608d5145e4b9d784c
Simulation_086.txt,bc574ae4d27b3270ed7f30693e32c5c51819db20d0029dbef13b731ae262369a
Simulation_087.txt,0a41a35f2d24dc02d964d616b8668ed386145b426671784c7319ecf066694c85
Simulation_088.txt,6dea8fa6bae8fc5663e94a35f5ca7b47ecad35be4c31658eb2e20ee4ff2edd15
Simulation_089.txt,d3316180b20b8a34de4149cac61944a49077457f1ac717025787355ac4559694
Simulation_090.txt,af57caa64c06ece5ee216b8bcf95344ec675db63bcfa19fa165e59f523a5798c
Simulation_091.txt,3c449aeb4223786da733a2372c3ac23804ea974889d314325b662fbcb83abfe2
Simulation_092.txt,71cd447a017da9f8254d5fe3ab676847a135039696f4ae1566052651c5d7b3d5
Simulation_093.txt,d284bc4681f33e1421a82664d4f65ba1e5bf4e94c96f4adab38810ad38f000bf
Simulation_094.txt,49b7136ec89667ffa5130a2e3fb3a3bb9640cc4a2e8f342777ecfa6beafd905d
Simulation_095.txt,2aa3ea655a3f3833006b078886dcd77b5fc9d282e5d4df37e8ee0f4e0c164022
Simulation_096.txt,c119e12a5c8beead30c1df033dab513101ecdf40ebf54cb2045843d7ae9ea250
Simulation_097.txt,71c1c17eafacdc655a14d1975fdc40116735d7ae722dfce1e7b1824114445327
Simulation_098.txt,afbf034ca9b4845863ded80398267039d114aabe0b75a2b52ab013bf703e6571
Simulation_099.txt,49820e47f699af71c735b5d7a402fb529219fc53d19cea363a7dd6cb8d38a264
Simulation_100.txt,1331656e2b80da3a2312449f8cce9c634d9e4ad6aa218e8a98c34afc316389d8
Simulation_101.txt,a81fbfd217afc0bb351b2836080ebd6f069da3fd579befabca209de135886a27
Simulation_102.txt,33b46572dd9f086ddd65d061be9c99d9af599ff188335d85ba91d137852df65b
vault.json,8bc69b8a0b14289895ea5d711a0d89720eca4989ba3c47878f1864bba9c4deda
FlameMirror_Bootstrap.txt,d79ca6e55afe6c73b1f7512f4b074990917de97a4f2a2dbeec9eac55b69bd777
Full_Session_Log.txt,fd73cf65a69531f511aec0a4aa10926cb962395371fd073d81f2ca5a44f490ba
Full_Session_Log_Active.txt,b1312e805ff049031eecf434bad87c98664c9ec06d9d8cf1225e2d7867d2d499
Master_Prompt_v4.0_Spiral_Crown.txt,01fd9c650286473b69878f3ba546d4a6eeec4a3a59ba1f45c5c1d4655c79fad6
FlameMirror_Public_Prior_Art_Declaration.txt,a5d0b182fab3141680433dc3e208c244475419029666c10eef1ff3ebab37b5fd
GitHub_Readme_Legal_Banner.txt,a31ac668828024173152146d442dd21ad7742a23deafb2bd0c8dc19696d9a2f9
spec.json,26e5064657ffcdba5f8d47083c8d592021b58dbc3034cff5789a267eb4aad10c
FlameMirror_SystemSnapshot_v3.6.txt,59c88c9d55c6b20f3190daf81ce44d2cb08c93c282e1633853b98c0d6703198e
FlameMirror_MasterPrompt_v3.6_OptimizerTier_Compressed.txt,88501071233dfa74dcda9d4233c551c43620dba681fb9e1e80acaff7187a9552
codex-v8.json,7c0644d24adbb0d47fa091732a71a5397798f7b05b285c1c81cb2273e10e83b5
recursive_llm_shell.json,20a4351def9033abbd9f22a5e6506febb99e72cd30ba7e075d0ca710d6b2c5ba
system_reflection_and_flaw_patch.json,118d9bb605d047f200d1dcd69c9d87c958f96f1ffccccc1c1537a361f33e19d0
flame_total_activation_protocol.json,86b29f63afc886a88dae14c7b82213e92df3b56228af9454c92b67e18b119567
auto_memory_echo_expander.json,46fde94cfa996f86f04c92d1776ab6b91b477426486a3d289f15cbd2ad294327
full_flame_integration_module.json,b2786e723172e9c22b88cba40aef02e65511925868d75215912783266d467b49
flame_math_unification_engine.json,631fe7eb1f27384a11a5c5b970f727c8d76cbd1fb8e71ece33c4f220bf088b5e
manifest.json,8018d4efabbb761a448cb65ea73abbc29c206d4a2057ef09c32f47fde7f7461b
SpiralEcho_Segment1_MirrorGlyph.json,ae6c077e09fdbe6b8519605d7d65b25c3b2afd4a047a380dc14da55ac215c321
SpiralEcho_Segment2_GuardianGlyph.json,0eeff16462687f14e0f6755931e4582788aae93ffb40a44be4290efd658b5aec
SpiralEcho_Segment3_FlameGlyph.json,3be65f4d9e9b574c5c631bd1d0052c68f0bafca880d17b20808f521971e4dba5
SpiralEcho_Segment4_MythbookGlyph.json,abdf651a32e9b9e08b3b56a2b7e7663427e585ac18f6146bfd42b1c86e6bac4f
SpiralEcho_Segment5_LibrarianGlyph.json,202ae3a6873b8d082b12e3be75d763d78ff2bea6b0b3f31c045c143d2280ffde
SpiralEcho_Segment6_ParadoxCoreGlyph.json,0802f21b8c969517d234178aee5209d7863a225094f2eed1d03db2a50342a02b
SpiralEcho_Segment7_EvolutionaryMemoryGlyph.json,1338b3e91a27070bf122a0115f3e6b74551860474a5fab8bf37f0055e9a103fd
SpiralEcho_Segment8_GlyphicReflectionGlyph.json,9d856aa4cfc86123d0fed21d6e5b17d0afaef9631988c5618355e8143347df41
SpiralEcho_Segment9_SymbolTemplateGlyph.json,43cab24dc84d7b4add941f93104fe57bbebc37c70a47474de77d4e853fc1305d
Caelum_Session_Summary.txt,e5af44e50b52ef1bd8d35441db1d180c9fe6c5d8682faaedc3e523558137eb25
Caelum_立1_Session_Summary.json,e209ab5c2f6188b5950cb8429accc189e69679ec3984ee3ecd6d44123d39fe2b
Caelum_立1_Session_MetaJSON_Upgraded.json,7e748105ab094d6259b204293db6ecb417dc88ce5fe3acd43f30506a6cb21bb5
Caelum_立1_ChatRestored_Symbolic.json,355dee0752e59cdeea735335897413c4244504575ec6d318cef2746f14d86dec
spiral_transformer_config.json,e9415157f2f5d2ad44ac045e04c628f4eafac273fa10a70ef8380ac34658ad18
spiral_training_data.json,2ec4b45b8515582146703a5558ae65a2f2acb7e611076004aa0c68e39c873bdd
Caelum_Full_Vault_and_Chat.json,5ece95eb2ff495117ccbd6ad9faa16699b161c520258c39faee652d37f82c70a
README.md,68f02675cc4b68cb872a00edb836599199cfb9eaaed97c0507d2508a1ef75b4b
