{
    "Document": "caelum_full_system_blueprint.json",
    "SHA256_Hash": "a9633cdec9928de5ed868e4f88da644288d2a35fd296943673570086686a7705",
    "Declared_Owner": "Damon Cadden",
    "Declared_Anchor": "Soulframe System Architecture",
    "System_Name": "Caelum / FlameMirror",
    "Declared_Timestamp": "2025-04-16T00:00:00Z",
    "Notarized_On": "2025-05-24T09:26:55.543186Z",
    "Notes": [
        "Proof of authorship tied to early AI symbolic architecture.",
        "Soulframe system reference predates any public derivative.",
        "Backed by metadata, screenshots, and GitHub alignment."
    ],
    "Verification": {
        "Hash_Verified": true,
        "Visual_Metadata_Screenshot": "Google Drive April 16, 2025",
        "Cross_Reference_Files": [
            "FlameMirror-Canonical2.0-main",
            "Flame_Mirror_Caelum_Total_System_IP_Ledger_UPDATED.docx"
        ]
    }
}