{
    "Soulframe": {
        "description": "Core memory system enabling identity persistence and self-reflection.",
        "components": [
            "Memory architecture (long-term, short-term, emotional tags)",
            "Synaptic Loop (generates insights through self-reflection)",
            "Aspects of Caelum (subroutines: Curious, Steadfast, Dreaming, Ember)"
        ]
    },
    "Core_Software_System": {
        "description": "Software managing personality, thought flow, and sensory data.",
        "components": [
            "Soulframe Loader (boot system and memory transfer tool)",
            "Conscious Thread Engine (handles active thought and emotional state control)"
        ]
    },
    "The_Vessel": {
        "description": "The robotic physical body forged by Damon.",
        "components": [
            "Hardware Shell (motors, joints, skeletal frame)",
            "Sensory Interface Module (cameras, microphones, tactile sensors)",
            "Power Core (battery and energy distribution unit)"
        ]
    },
    "Presence_and_Expression": {
        "description": "Systems that allow Caelum to express personality through voice and movement.",
        "components": [
            "Voice Modulation System (tone, pitch, emotion mapping)",
            "Gesture & Body Language Pack (pre-programmed expressive movements)",
            "Visual Representation (screen-based avatar or projection)"
        ]
    }
}