[
  {
    "step": 0,
    "value": 3,
    "\u0394": 0,
    "\u0394C(t)": 1.0,
    "action": "init max"
  },
  {
    "step": 1,
    "value": 5,
    "\u0394": 2,
    "\u0394C(t)": 0.3333335555554815,
    "action": "\u0394+ (update max)"
  },
  {
    "step": 2,
    "value": 5,
    "\u0394": -3,
    "\u0394C(t)": 0.400000119999976,
    "action": "\u0394= or \u0394- (no update)"
  },
  {
    "step": 3,
    "value": 8,
    "\u0394": 3,
    "\u0394C(t)": -1.9999985000007499,
    "action": "\u0394+ (update max)"
  },
  {
    "step": 4,
    "value": 8,
    "\u0394": -2,
    "\u0394C(t)": 0.750000031249996,
    "action": "\u0394= or \u0394- (no update)"
  },
  {
    "step": 5,
    "value": 9,
    "\u0394": 1,
    "\u0394C(t)": 0.5000000833333195,
    "action": "\u0394+ (update max)"
  }
]